{"backedUpFiles":["/sdcard/FIRST/blocks/auto test.js","/sdcard/FIRST/blocks/2mdist test.blk","/sdcard/FIRST/blocks/auto test.blk","/sdcard/FIRST/blocks/2mdist test.js","/sdcard/FIRST/blocks/basicdrive.blk","/sdcard/FIRST/blocks/intaketest.js","/sdcard/FIRST/blocks/intaketest.blk","/sdcard/FIRST/blocks/Josh.blk","/sdcard/FIRST/blocks/basicdrive.js","/sdcard/FIRST/blocks/testteleop.js","/sdcard/FIRST/blocks/AutoServo.js","/sdcard/FIRST/blocks/camera.blk","/sdcard/FIRST/blocks/Josh.js","/sdcard/FIRST/blocks/A1.1.js","/sdcard/FIRST/blocks/Highschool_bbl_game.blk","/sdcard/FIRST/blocks/test419.blk","/sdcard/FIRST/blocks/camera.js","/sdcard/FIRST/blocks/Highschool_bbl_game.js","/sdcard/FIRST/blocks/lift_test.blk","/sdcard/FIRST/blocks/mecanumdrive.js","/sdcard/FIRST/blocks/mecanumdrive.blk","/sdcard/FIRST/blocks/lift_test.js","/sdcard/FIRST/blocks/teleop_servo.blk","/sdcard/FIRST/blocks/basic drive.js","/sdcard/FIRST/blocks/basic drive.blk","/sdcard/FIRST/blocks/teleop_servo.js","/sdcard/FIRST/blocks/Test.blk","/sdcard/FIRST/blocks/Test.js","/sdcard/FIRST/blocks/test3.blk","/sdcard/FIRST/blocks/test3.js","/sdcard/FIRST/blocks/test419.js","/sdcard/FIRST/blocks/test4.js","/sdcard/FIRST/blocks/TestAutonomous.js","/sdcard/FIRST/blocks/test4.blk","/sdcard/FIRST/blocks/TestAutonomous.blk","/sdcard/FIRST/blocks/A1.1.blk","/sdcard/FIRST/blocks/AutoServo.blk","/sdcard/FIRST/blocks/testteleop.blk","/sdcard/FIRST/Progamming board.xml","/sdcard/FIRST/IntakeMoter.xml","/sdcard/FIRST/LimeLight.xml","/sdcard/FIRST/Robot 25-26.xml","/sdcard/FIRST/Robot2.xml","/sdcard/FIRST/State robot.xml","/sdcard/FIRST/main.xml"],"deviceName":"Control Hub 14279-D-RC","modifiedTimes":[{"fileName":"/sdcard/FIRST/blocks/auto test.js","time":"date: Can't stat /sdcard/FIRST/blocks/auto: No such file or directory"},{"fileName":"/sdcard/FIRST/blocks/2mdist test.blk","time":"date: Can't stat /sdcard/FIRST/blocks/2mdist: No such file or directory"},{"fileName":"/sdcard/FIRST/blocks/2mdist test.js","time":"date: Can't stat /sdcard/FIRST/blocks/2mdist: No such file or directory"},{"fileName":"/sdcard/FIRST/blocks/auto test.blk","time":"date: Can't stat /sdcard/FIRST/blocks/auto: No such file or directory"},{"fileName":"/sdcard/FIRST/blocks/intaketest.blk","time":"Wed Dec 31 19:08:25 EST 1969"},{"fileName":"/sdcard/FIRST/blocks/basicdrive.blk","time":"Wed Dec 31 19:08:25 EST 1969"},{"fileName":"/sdcard/FIRST/blocks/basicdrive.js","time":"Wed Dec 31 19:08:25 EST 1969"},{"fileName":"/sdcard/FIRST/blocks/Josh.blk","time":"Wed Dec 31 19:08:25 EST 1969"},{"fileName":"/sdcard/FIRST/blocks/intaketest.js","time":"Wed Dec 31 19:08:25 EST 1969"},{"fileName":"/sdcard/FIRST/blocks/AutoServo.js","time":"Wed Dec 31 19:04:40 EST 1969"},{"fileName":"/sdcard/FIRST/blocks/A1.1.js","time":"Wed Dec 31 19:04:40 EST 1969"},{"fileName":"/sdcard/FIRST/blocks/testteleop.js","time":"Wed Dec 31 19:08:25 EST 1969"},{"fileName":"/sdcard/FIRST/blocks/test419.blk","time":"Wed Dec 31 19:08:25 EST 1969"},{"fileName":"/sdcard/FIRST/blocks/Highschool_bbl_game.blk","time":"Wed Dec 31 19:04:40 EST 1969"},{"fileName":"/sdcard/FIRST/blocks/Josh.js","time":"Wed Dec 31 19:08:25 EST 1969"},{"fileName":"/sdcard/FIRST/blocks/camera.blk","time":"Wed Dec 31 19:04:40 EST 1969"},{"fileName":"/sdcard/FIRST/blocks/camera.js","time":"Wed Dec 31 19:04:40 EST 1969"},{"fileName":"/sdcard/FIRST/blocks/Highschool_bbl_game.js","time":"Wed Dec 31 19:04:40 EST 1969"},{"fileName":"/sdcard/FIRST/blocks/mecanumdrive.blk","time":"Wed Dec 31 19:04:40 EST 1969"},{"fileName":"/sdcard/FIRST/blocks/lift_test.blk","time":"Wed Dec 31 19:04:40 EST 1969"},{"fileName":"/sdcard/FIRST/blocks/mecanumdrive.js","time":"Wed Dec 31 19:04:40 EST 1969"},{"fileName":"/sdcard/FIRST/blocks/basic drive.js","time":"date: Can't stat /sdcard/FIRST/blocks/basic: No such file or directory"},{"fileName":"/sdcard/FIRST/blocks/lift_test.js","time":"Wed Dec 31 19:04:40 EST 1969"},{"fileName":"/sdcard/FIRST/blocks/teleop_servo.blk","time":"Wed Dec 31 19:04:40 EST 1969"},{"fileName":"/sdcard/FIRST/blocks/teleop_servo.js","time":"Wed Dec 31 19:04:40 EST 1969"},{"fileName":"/sdcard/FIRST/blocks/basic drive.blk","time":"date: Can't stat /sdcard/FIRST/blocks/basic: No such file or directory"},{"fileName":"/sdcard/FIRST/blocks/Test.js","time":"Wed Dec 31 19:04:40 EST 1969"},{"fileName":"/sdcard/FIRST/blocks/Test.blk","time":"Wed Dec 31 19:04:40 EST 1969"},{"fileName":"/sdcard/FIRST/blocks/test3.blk","time":"Wed Dec 31 19:04:40 EST 1969"},{"fileName":"/sdcard/FIRST/blocks/test419.js","time":"Wed Dec 31 19:08:25 EST 1969"},{"fileName":"/sdcard/FIRST/blocks/test3.js","time":"Wed Dec 31 19:04:40 EST 1969"},{"fileName":"/sdcard/FIRST/blocks/test4.js","time":"Wed Dec 31 19:04:40 EST 1969"},{"fileName":"/sdcard/FIRST/blocks/test4.blk","time":"Wed Dec 31 19:04:40 EST 1969"},{"fileName":"/sdcard/FIRST/blocks/TestAutonomous.js","time":"Wed Dec 31 19:04:40 EST 1969"},{"fileName":"/sdcard/FIRST/blocks/A1.1.blk","time":"Wed Dec 31 19:04:40 EST 1969"},{"fileName":"/sdcard/FIRST/blocks/TestAutonomous.blk","time":"Wed Dec 31 19:04:40 EST 1969"},{"fileName":"/sdcard/FIRST/blocks/testteleop.blk","time":"Wed Dec 31 19:08:25 EST 1969"},{"fileName":"/sdcard/FIRST/blocks/AutoServo.blk","time":"Wed Dec 31 19:04:40 EST 1969"},{"fileName":"/sdcard/FIRST/Robot 25-26.xml","time":"date: Can't stat /sdcard/FIRST/Robot: No such file or directory"},{"fileName":"/sdcard/FIRST/Progamming board.xml","time":"date: Can't stat /sdcard/FIRST/Progamming: No such file or directory"},{"fileName":"/sdcard/FIRST/IntakeMoter.xml","time":"Wed Dec 31 19:08:25 EST 1969"},{"fileName":"/sdcard/FIRST/State robot.xml","time":"date: Can't stat /sdcard/FIRST/State: No such file or directory"},{"fileName":"/sdcard/FIRST/main.xml","time":"Wed Dec 31 19:04:40 EST 1969"},{"fileName":"/sdcard/FIRST/Robot2.xml","time":"Wed Dec 31 19:08:25 EST 1969"},{"fileName":"/sdcard/FIRST/LimeLight.xml","time":"Wed Dec 31 19:08:25 EST 1969"}]}