<?xml version='1.0' encoding='UTF-8' standalone='yes' ?>
<Robot type="FirstInspires-FTC">
    <LynxUsbDevice name="Control Hub Portal" serialNumber="(embedded)" parentModuleAddress="173">
        <LynxModule name="Expansion Hub 1" port="1">
            <goBILDA5202SeriesMotor name="left_front_motor" port="0" />
            <goBILDA5202SeriesMotor name="left_back_motor" port="1" />
            <goBILDA5202SeriesMotor name="right_back_motor" port="2" />
            <goBILDA5202SeriesMotor name="right_front_motor" port="3" />
            <Servo name="right_claw" port="0" />
            <Servo name="left_claw" port="1" />
        </LynxModule>
        <LynxModule name="Control Hub" port="173">
            <goBILDA5202SeriesMotor name="lift_motor" port="0" />
            <goBILDA5202SeriesMotor name="turntbl_motor" port="1" />
            <LynxEmbeddedIMU name="imu" port="0" bus="0" />
        </LynxModule>
    </LynxUsbDevice>
</Robot>
