<?xml version='1.0' encoding='UTF-8' standalone='yes' ?>
<Robot type="FirstInspires-FTC">
    <LynxUsbDevice name="Control Hub Portal" serialNumber="(embedded)" parentModuleAddress="173">
        <LynxModule name="Expansion Hub 1" port="1">
            <goBILDA5202SeriesMotor name="intakemotor" port="0" />
            <goBILDA5202SeriesMotor name="FrontLeftWheel" port="1" />
            <goBILDA5202SeriesMotor name="outtakeMotor" port="3" />
        </LynxModule>
        <LynxModule name="Control Hub" port="173">
            <goBILDA5202SeriesMotor name="FrontRightWheel" port="0" />
            <goBILDA5202SeriesMotor name="BackRightWheel" port="2" />
            <goBILDA5202SeriesMotor name="BackLeftWheel" port="3" />
            <ControlHubImuBHI260AP name="imu" port="0" bus="0" />
        </LynxModule>
    </LynxUsbDevice>
</Robot>
