<?xml version='1.0' encoding='UTF-8' standalone='yes' ?>
<Robot type="FirstInspires-FTC">
    <LynxUsbDevice name="Control Hub Portal" serialNumber="(embedded)" parentModuleAddress="173">
        <LynxModule name="Expansion Hub 1" port="1">
            <goBILDA5202SeriesMotor name="rightRear" port="0" />
            <goBILDA5202SeriesMotor name="rightFront" port="1" />
            <goBILDA5202SeriesMotor name="rightLift" port="2" />
        </LynxModule>
        <LynxModule name="Control Hub" port="173">
            <goBILDA5202SeriesMotor name="leftRear" port="0" />
            <goBILDA5202SeriesMotor name="leftFront" port="1" />
            <goBILDA5202SeriesMotor name="leftLift" port="2" />
            <Servo name="claw" port="0" />
            <Servo name="wrist" port="1" />
            <ControlHubImuBHI260AP name="imu" port="0" bus="0" />
        </LynxModule>
    </LynxUsbDevice>
</Robot>
