<?xml version='1.0' encoding='UTF-8' standalone='yes' ?>
<Robot type="FirstInspires-FTC">
    <LynxUsbDevice name="Control Hub Portal" serialNumber="(embedded)" parentModuleAddress="173">
        <LynxModule name="Expansion Hub 1" port="1">
            <goBILDA5202SeriesMotor name="rightBack" port="0" />
            <goBILDA5202SeriesMotor name="rightFront" port="1" />
            <goBILDA5202SeriesMotor name="rightLift" port="2" />
            <goBILDA5202SeriesMotor name="intaketop" port="3" />
            <Servo name="airplane" port="2" />
            <Servo name="rightclaw" port="4" />
            <Servo name="wrist" port="5" />
            <RevColorSensorV3 name="rightcolor" port="0" bus="3" />
        </LynxModule>
        <LynxModule name="Control Hub" port="173">
            <goBILDA5202SeriesMotor name="leftBack" port="0" />
            <goBILDA5202SeriesMotor name="leftFront" port="1" />
            <goBILDA5202SeriesMotor name="leftLift" port="2" />
            <goBILDA5202SeriesMotor name="intakebottom" port="3" />
            <Servo name="leftclaw" port="0" />
            <ControlHubImuBHI260AP name="imu" port="0" bus="0" />
            <REV_VL53L0X_RANGE_SENSOR name="distback" port="0" bus="2" />
            <RevColorSensorV3 name="leftcolor" port="0" bus="3" />
        </LynxModule>
    </LynxUsbDevice>
    <Webcam name="Logitech Webcam" serialNumber="403D2CA0" />
</Robot>
